{
  "schema_version": 2,
  "feature_contract": "ignition_close_point_in_time_v2",
  "label_column": "label_high_trend",
  "feature_columns": [
    "feature_volatility_20d",
    "feature_close_over_ma20"
  ],
  "bins": 5,
  "baseline_rate": 0.048663679901127764,
  "features": {
    "feature_volatility_20d": {
      "edges": [
        0.0053228459229553,
        0.0219296321074183,
        0.02803582062996296,
        0.03429322465125726,
        0.04351047816738406,
        0.1304925586126918
      ],
      "missing_bin": -1,
      "bin_lift": {
        "0": -0.015965430673527355,
        "1": 0.001542293322353186,
        "2": 0.003873018527921941,
        "3": 0.010038688790942267,
        "4": 0.000512427204948443
      }
    },
    "feature_close_over_ma20": {
      "edges": [
        0.0258129399929514,
        0.09198495812496789,
        0.12126593716230341,
        0.1562570409913103,
        0.2124282358484166,
        0.9413781042321948
      ],
      "missing_bin": -1,
      "bin_lift": {
        "0": -0.016222897202878533,
        "1": -2.505853753921594e-06,
        "2": -0.002307769522554494,
        "3": 0.012098421025751739,
        "4": 0.006434157380025687
      }
    }
  },
  "training_end_date": "2025-06-12",
  "training_periods": [
    "2018_2020",
    "2021_2023",
    "2024_2026"
  ],
  "score_thresholds": {
    "low_max": 0.048280941801027114,
    "high_min": 0.05252913953532165
  }
}
